row_id,helpful_yes_pred,helpful_total_pred,overall_pred
7056,0.23154622316360474,0.3502879738807678,4.466512203216553
6141,2.9242098331451416,3.596207618713379,4.846626281738281
5873,1.6628246307373047,1.8070611953735352,4.215452194213867
4806,0.453313410282135,0.5290351510047913,4.683959007263184
919,0.8003261685371399,0.9640021920204163,4.492208957672119
5314,-0.04451483488082886,0.05099302530288696,4.590137958526611
753,0.07900720834732056,0.1675458550453186,4.694008827209473
474,2.2240617275238037,2.9942972660064697,3.5079376697540283
4906,-0.4280884861946106,-0.381682813167572,4.564241409301758
2725,3.518594980239868,4.157078742980957,4.485625743865967
7269,0.6010704636573792,0.660830557346344,4.790846824645996
1646,0.1725648045539856,0.2856956124305725,4.659169673919678
10031,0.044947922229766846,0.1587267518043518,4.693631172180176
7110,0.14577513933181763,0.2753792405128479,4.554217338562012
1480,1.539741039276123,1.8629188537597656,4.3198652267456055
9501,0.47662121057510376,0.423950731754303,4.551597595214844
4708,-1.5861821174621582,-1.273479700088501,4.478274345397949
3846,0.01831728219985962,0.12717968225479126,4.623147010803223
1121,1.7163200378417969,2.094883918762207,4.481274604797363
588,2.089374303817749,2.1931064128875732,5.036442756652832
8864,0.1236153244972229,0.2180357575416565,4.737341403961182
7994,-0.13585609197616577,-0.06059926748275757,4.818080425262451
5188,-0.11887949705123901,-0.02259010076522827,4.680387496948242
6226,0.8319929242134094,0.9031386971473694,4.6003265380859375
8742,2.562171220779419,3.2178092002868652,4.837135314941406
5383,0.6306012272834778,0.7654433846473694,4.494381904602051
1315,2.444765090942383,2.8422012329101562,4.583438873291016
6512,1.0672321319580078,1.2062582969665527,4.6382927894592285
5546,6.968301296234131,7.661622047424316,5.011887073516846
10085,-0.14937394857406616,-0.015204370021820068,4.813258171081543
7692,0.15945535898208618,0.2996121048927307,4.626251220703125
1225,0.13957101106643677,0.266914427280426,4.562448978424072
2529,5.324380874633789,5.897208213806152,4.227963447570801
6717,0.7720120549201965,0.6320347189903259,4.439776420593262
2361,0.21943551301956177,0.2941508889198303,4.626970291137695
251,2.407625675201416,2.510019540786743,4.766915798187256
7486,0.9592657685279846,0.9957035183906555,4.581071853637695
8617,3.68704891204834,4.430286884307861,4.944860935211182
1633,0.3539922833442688,0.5439973473548889,4.550565719604492
7213,0.24018985033035278,0.4142060875892639,4.498866081237793
1644,1.9258637428283691,2.1133482456207275,4.351047515869141
5439,0.7165377736091614,0.7770703434944153,4.764082908630371
8229,0.09119588136672974,0.19912582635879517,4.5662994384765625
9984,-0.37415236234664917,-0.6688479781150818,5.141472816467285
606,0.0019808411598205566,0.09070974588394165,4.688018321990967
8115,-0.030070006847381592,0.051975786685943604,4.596879959106445
2492,0.6970446705818176,0.7703214287757874,4.6714277267456055
6325,1.262972354888916,1.789989948272705,4.504671096801758
6246,0.21943360567092896,0.2941485047340393,4.6269707679748535
10042,2.6223530769348145,3.016242027282715,4.755651473999023
5213,1.4261670112609863,1.919952154159546,4.982483863830566
715,0.2649531960487366,0.8611095547676086,3.972259044647217
6730,0.22807055711746216,0.31908994913101196,4.642223358154297
3826,0.0744205117225647,0.18534618616104126,4.707798004150391
6274,0.1475885510444641,0.23275285959243774,4.657600402832031
3912,1.0479629039764404,1.1300835609436035,5.012864589691162
3090,6.734930992126465,7.82359504699707,3.9593865871429443
5272,0.1490371823310852,0.2899704575538635,4.551364898681641
7460,7.996696949005127,8.991053581237793,4.487210273742676
6180,-0.03401142358779907,0.25549423694610596,4.440968990325928
8903,0.5686967968940735,0.7509036660194397,4.439727306365967
9042,0.3838222622871399,0.5278368592262268,4.610749244689941
5446,2.2862908840179443,2.669736623764038,4.538878440856934
5654,0.9279099106788635,1.0618906021118164,4.937386989593506
7935,20.008319854736328,21.8735294342041,4.645735740661621
8824,-0.03259199857711792,0.11063438653945923,4.56951904296875
7316,2.42230486869812,2.8416600227355957,4.839605331420898
2434,0.07740741968154907,0.193606436252594,4.704606533050537
8022,0.32280808687210083,0.7263110280036926,4.276486396789551
4891,0.1786850094795227,0.31898218393325806,4.637546539306641
4634,0.21643120050430298,0.32199627161026,4.655884742736816
42,1.1314330101013184,1.3765537738800049,4.997985363006592
4377,0.10181313753128052,0.433228075504303,4.3311567306518555
8318,0.20937377214431763,0.32564932107925415,4.520201683044434
5568,0.6930862069129944,0.9508941769599915,4.303006649017334
6798,0.40511637926101685,0.5349107384681702,4.543391704559326
9552,0.18018752336502075,0.2893882393836975,4.5385308265686035
1143,0.39773112535476685,0.5611878037452698,4.495737075805664
2236,0.04068046808242798,0.11926227807998657,4.976278305053711
8327,0.1269567608833313,0.23807388544082642,4.596729755401611
3122,3.482670783996582,3.775108575820923,4.709586143493652
6284,1.6154556274414062,2.151655912399292,4.347790241241455
2369,2.0579166412353516,2.8178300857543945,3.998615264892578
9031,0.7871628403663635,0.8844276070594788,4.4726972579956055
7483,2.3141207695007324,2.6415998935699463,5.00181770324707
3993,0.24018985033035278,0.4142065644264221,4.498866081237793
7736,-0.5846573710441589,-0.4952477812767029,4.709760665893555
7905,0.3305538296699524,0.49082285165786743,4.537757873535156
6807,0.39138203859329224,0.439735472202301,4.638494968414307
4479,0.13552409410476685,0.25175195932388306,4.606857776641846
8337,-0.09459036588668823,-0.0279352068901062,4.82710075378418
4781,-0.23167890310287476,-0.1172909140586853,4.674527168273926
8165,0.04029017686843872,0.14671379327774048,4.621706008911133
2522,0.2511506676673889,0.3756616711616516,4.546173095703125
1924,2.6126372814178467,3.1495490074157715,4.569832801818848
7560,-1.7616071701049805,-1.5520799160003662,4.014791965484619
1858,1.0596134662628174,1.2642285823822021,4.535586357116699
10070,-0.13585656881332397,-0.06060069799423218,4.818080425262451
1527,-0.02014559507369995,0.09847503900527954,4.5498046875
6684,-0.045495450496673584,0.1434956192970276,4.603768348693848
9048,2.957364320755005,3.4844651222229004,4.28010892868042
224,0.5187965035438538,0.6520891785621643,4.594720363616943
9024,1.2603118419647217,1.5702531337738037,4.59749698638916
5091,-0.06677168607711792,0.11820250749588013,4.45866060256958
2594,-0.01902240514755249,0.14385324716567993,4.591588020324707
3920,0.5433659553527832,0.5024517178535461,4.0767292976379395
472,0.16034680604934692,0.28240257501602173,4.529891490936279
1989,3.0525643825531006,3.405015707015991,4.851260185241699
7941,2.0880720615386963,2.1623642444610596,4.993356704711914
7178,1.0516645908355713,1.4643492698669434,4.885718822479248
4719,1.2300496101379395,1.5330300331115723,4.223250865936279
2146,0.6874330639839172,0.8701992630958557,4.599794387817383
8998,0.9113557934761047,1.0690340995788574,4.470306873321533
4375,0.523057758808136,0.7301364541053772,5.217689037322998
9906,-0.03073662519454956,0.08870655298233032,4.6006693840026855
845,-0.14937418699264526,-0.015204370021820068,4.813258171081543
7242,-0.4237019419670105,-0.509128987789154,4.596197128295898
8167,2.078630208969116,2.2139408588409424,4.552006721496582
5927,1.4965496063232422,1.6745226383209229,4.516912937164307
8494,29.077289581298828,31.741525650024414,4.489344596862793
3073,-0.49054235219955444,-0.45614880323410034,4.7622833251953125
888,1.0383045673370361,1.1833040714263916,4.587263584136963
6770,0.17862921953201294,0.35267454385757446,4.469101905822754
7569,3.1617681980133057,3.5366625785827637,4.32758092880249
8889,1.6216504573822021,2.2343852519989014,4.650116920471191
18,-2.342686653137207,-2.158107280731201,4.476361274719238
8431,0.38693708181381226,0.5559751391410828,4.7149457931518555
6622,2.8084778785705566,2.8887863159179688,4.333587169647217
1899,2.7273740768432617,3.036780595779419,4.982639789581299
5296,-0.7876965403556824,-0.17561966180801392,4.267430782318115
4135,0.14106827974319458,0.19571834802627563,4.686647415161133
5153,0.5787704586982727,0.7491236329078674,4.61277437210083
1442,0.028991758823394775,0.05843836069107056,4.8497819900512695
7451,0.019978821277618408,0.15354114770889282,4.585808753967285
601,0.0459025502204895,0.16009002923965454,4.567146301269531
9012,0.9827764630317688,1.0671801567077637,5.002546310424805
6561,0.25413447618484497,0.4503398537635803,4.487521171569824
4722,0.6184313893318176,0.8063283562660217,4.564423084259033
8117,0.04028993844985962,0.14671379327774048,4.621706008911133
6744,0.9717585444450378,1.3979010581970215,3.98887300491333
5403,2.3232288360595703,2.7699363231658936,4.227358341217041
2634,-0.03095775842666626,0.3978653848171234,4.388253688812256
1713,0.21105700731277466,0.3580027222633362,4.569377899169922
5260,-0.29519790410995483,-0.1985148787498474,4.815591812133789
5460,3.827606678009033,4.4387407302856445,4.323596954345703
6690,0.2047460675239563,0.800894021987915,4.583427906036377
5700,0.146151602268219,0.2337055802345276,4.685674667358398
7700,0.038061678409576416,0.11836439371109009,4.683356761932373
1494,0.5707748532295227,0.729063093662262,4.66294002532959
9472,0.6585775017738342,0.7472873330116272,4.607185363769531
7141,0.05639582872390747,0.13205009698867798,4.634795188903809
2973,-0.04915517568588257,0.0626726746559143,4.658735752105713
10234,-1.9248459339141846,-1.850860357284546,4.718439102172852
7245,-0.9607158303260803,-0.7223333716392517,4.046919822692871
8502,0.6915348172187805,0.8674460053443909,4.535353660583496
7708,0.41141873598098755,0.6699357628822327,4.400052547454834
2870,-0.006684243679046631,0.07619768381118774,4.761199951171875
9630,-0.031402766704559326,0.04532963037490845,4.7052717208862305
4415,0.3872275948524475,0.3581990599632263,4.559954643249512
339,0.12120848894119263,0.2171655297279358,4.634133338928223
10058,1.1225574016571045,1.357783317565918,4.640423774719238
1496,-0.7650644183158875,-0.7399002909660339,4.91546630859375
423,-0.09300917387008667,0.24396544694900513,4.139011383056641
4102,0.6546111702919006,0.906396210193634,4.769318580627441
9572,3.7881479263305664,4.624657154083252,4.769498825073242
7078,1.255553960800171,1.3441975116729736,4.620218276977539
9872,-0.6113449931144714,-0.5310849547386169,4.820680618286133
1317,0.7029839158058167,0.707114040851593,5.398300647735596
7172,0.026696503162384033,0.10920196771621704,4.7040300369262695
8090,1.2500033378601074,1.764986515045166,4.25624942779541
8847,-0.214594304561615,-0.07469791173934937,5.003456115722656
8199,-0.6432456374168396,-0.6186529994010925,4.790400505065918
4460,1.0570588111877441,1.2415049076080322,4.534786224365234
6594,0.9467948079109192,1.0139672756195068,5.107876777648926
4982,4.658004283905029,5.262962341308594,4.517733573913574
7679,-0.37352126836776733,-0.25305622816085815,4.653913974761963
2037,0.005448400974273682,0.19259148836135864,4.799717903137207
7195,0.9903188347816467,1.5960893630981445,4.498778820037842
4728,0.12704116106033325,0.2810831665992737,4.6309895515441895
9325,0.6743319630622864,0.6955989003181458,4.314637660980225
5039,0.864967405796051,0.8878775238990784,4.993030071258545
2718,1.6110403537750244,2.2475390434265137,4.758719444274902
977,-0.1103624701499939,-0.025794923305511475,4.663900375366211
10189,-0.6093265414237976,-0.3931064009666443,4.420805931091309
2330,1.9266037940979004,2.107320785522461,4.383137226104736
4352,-0.7455541491508484,-0.5639649033546448,4.709167957305908
2441,2.837663412094116,3.083904504776001,4.3062639236450195
3683,-0.34654539823532104,-0.3125233054161072,4.6010565757751465
8922,0.17094427347183228,0.31212860345840454,4.552294731140137
1880,-0.3338908553123474,-0.311367928981781,5.153982162475586
9741,-0.11634939908981323,0.027189552783966064,4.336141109466553
3241,0.029365837574005127,0.11899954080581665,4.621275901794434
4334,4.522836208343506,5.600220203399658,4.899737358093262
3824,2.3307995796203613,2.7369022369384766,4.8555588722229
1166,0.14384061098098755,0.29615217447280884,4.534058570861816
7438,0.33047062158584595,0.6677655577659607,4.525876998901367
4632,0.14395004510879517,0.31063467264175415,4.570968151092529
4720,4.009311199188232,4.752849102020264,4.729311943054199
3792,-0.014852702617645264,0.054478228092193604,4.615424156188965
534,1.1218464374542236,1.2992005348205566,4.506442070007324
4771,-0.2398654818534851,-0.12899476289749146,4.6097412109375
7699,14.268597602844238,15.677263259887695,4.78035831451416
9456,-0.14236801862716675,-0.03531259298324585,4.6157636642456055
6693,-0.16108697652816772,-0.04843419790267944,4.607905387878418
43,0.1253984570503235,0.19241863489151,4.587699890136719
2564,-0.11462706327438354,-0.01151365041732788,4.654766082763672
1229,0.21935731172561646,0.31360870599746704,4.609464645385742
9043,5.6458916664123535,6.2213850021362305,4.326603889465332
2847,0.4029248356819153,0.49216228723526,4.9759416580200195
3929,0.4713287949562073,0.5606985688209534,4.6071271896362305
2573,-0.04076188802719116,0.0905335545539856,4.73496150970459
1330,0.751063883304596,0.7881544232368469,4.918681621551514
4335,10.893485069274902,11.955957412719727,4.530774116516113
3457,0.42406541109085083,0.5870051980018616,4.557311058044434
3404,-0.0810810923576355,0.0016608834266662598,4.673116683959961
1625,1.7128756046295166,1.8663849830627441,4.43667459487915
986,-0.8770419955253601,-0.8603090643882751,4.725811958312988
9316,-0.1256200671195984,-0.1166645884513855,4.420790672302246
5003,1.8489081859588623,2.1747825145721436,4.345183372497559
7025,0.43882232904434204,0.5492849946022034,4.605427265167236
4871,0.6338650584220886,1.0782651901245117,4.737615585327148
7253,0.4816046357154846,1.018648386001587,4.251494407653809
7381,0.12271338701248169,0.2357679009437561,4.760909080505371
9682,0.26513177156448364,0.3625860810279846,4.681107521057129
8561,-0.44048017263412476,-0.17332452535629272,5.019686698913574
3697,1.2030420303344727,1.4915862083435059,4.422629356384277
6818,-0.14937609434127808,-0.015206754207611084,4.813258171081543
9143,-1.0742034912109375,-0.7792949080467224,4.322310924530029
1940,0.8297391533851624,0.9557498097419739,4.60790491104126
4066,0.484138548374176,0.5472474694252014,4.631412982940674
1395,2.1596219539642334,2.684023380279541,4.463501930236816
9780,-0.03477877378463745,0.0758104920387268,4.769740104675293
9221,0.4818437695503235,0.6433082222938538,4.4438323974609375
2444,0.6153538823127747,0.6349645256996155,4.7247419357299805
2485,0.1235840916633606,0.21800237894058228,4.737344741821289
878,1.662264347076416,2.0168988704681396,4.129471778869629
9453,0.27245885133743286,0.3859758973121643,4.650571823120117
1213,-0.10123580694198608,-0.015060842037200928,4.75929594039917
8056,4.004917144775391,4.635096549987793,3.755460023880005
6565,-1.058197021484375,-1.0930888652801514,4.467311859130859
1070,0.8623142838478088,1.258239507675171,4.644085884094238
1869,0.6544492840766907,0.7861500382423401,4.885358810424805
7827,0.2305348515510559,0.40246444940567017,4.442713260650635
4136,1.7148354053497314,1.9150898456573486,4.615994930267334
841,2.2890572547912598,2.9811465740203857,4.704383850097656
3020,6.02016019821167,7.010504722595215,4.779616355895996
5582,-0.03877371549606323,0.08852201700210571,4.5725789070129395
7216,0.33071261644363403,0.4936380982398987,4.56430721282959
7843,0.4171169400215149,0.5342012047767639,4.637390613555908
7690,3.2085893154144287,3.6582837104797363,4.6248779296875
4658,-0.06660908460617065,0.03855806589126587,4.585640907287598
9405,0.9311407208442688,1.1356735229492188,4.379391670227051
200,3.2607381343841553,3.908252716064453,4.21508264541626
1680,0.6939693093299866,0.8077147603034973,4.693849563598633
8042,-0.006644189357757568,0.07624155282974243,4.761195182800293
9623,0.13689905405044556,0.23081737756729126,4.702122688293457
4786,-0.45332807302474976,0.030876219272613525,4.664721488952637
9066,0.331747829914093,0.502521812915802,4.580575942993164
893,0.29178696870803833,0.41965681314468384,4.4560227394104
745,1.4499471187591553,1.930004596710205,4.175253391265869
4494,-0.20141547918319702,-0.09932965040206909,4.602006912231445
2073,0.07785683870315552,0.22679048776626587,4.563193321228027
9660,-0.19698113203048706,-0.097439706325531,4.826785564422607
231,0.031084835529327393,0.122347891330719,4.548409938812256
4952,-0.08764904737472534,-0.006448209285736084,4.712952136993408
2939,2.334468126296997,2.650405168533325,4.480820655822754
5912,2.5444066524505615,3.121678113937378,4.209688663482666
3727,0.1236153244972229,0.2180357575416565,4.737341403961182
4853,-0.18985170125961304,-0.06323999166488647,4.709652900695801
3180,2.5084691047668457,2.5773017406463623,3.9796342849731445
1647,0.21943312883377075,0.2941485047340393,4.6269707679748535
4636,-0.05506819486618042,0.03740745782852173,4.806241989135742
8595,1.2062842845916748,1.6041035652160645,4.210329055786133
4530,0.3463156819343567,0.43134385347366333,5.02694034576416
7933,2.776594877243042,3.2771809101104736,4.676527976989746
3545,2.709519147872925,3.2498269081115723,5.173608779907227
3138,0.6050007939338684,0.8182478547096252,4.43682336807251
3033,-0.10713666677474976,-0.013556897640228271,4.649454593658447
8779,2.2419941425323486,3.1247360706329346,3.8921782970428467
1958,2.1862916946411133,2.673034191131592,4.671776294708252
5169,1.463841199874878,1.654341459274292,4.4480695724487305
3155,0.7674501538276672,0.9273048043251038,4.550762176513672
1976,1.1619782447814941,1.4993455410003662,5.078997611999512
3777,6.518951892852783,7.144634246826172,3.9618160724639893
4118,-0.06649225950241089,0.03868013620376587,4.585630416870117
5023,2.283414125442505,2.7585675716400146,5.051474571228027
4438,-0.21832245588302612,-0.2371315360069275,4.611453056335449
7434,2.459841251373291,2.6364951133728027,4.606288909912109
5764,0.13602286577224731,0.24133068323135376,4.519228458404541
5419,0.1802108883857727,0.2894130349159241,4.538527965545654
9017,-0.9892030358314514,-0.7465594410896301,4.514773368835449
6971,-0.29241102933883667,-0.20991438627243042,4.873735427856445
5632,0.40581637620925903,0.45725351572036743,4.866883277893066
8698,-0.35138386487960815,-0.3509296774864197,4.5523481369018555
9068,2.784355878829956,3.1471171379089355,5.082630157470703
7753,0.021545350551605225,0.10049945116043091,4.5976362228393555
6046,0.26916056871414185,0.43099409341812134,4.807605266571045
9528,-3.219499111175537,-3.2311792373657227,4.057331562042236
5016,0.9568050503730774,1.1442584991455078,4.5962815284729
3986,0.09832316637039185,0.2475462555885315,4.532413005828857
6625,3.138636350631714,3.5358991622924805,4.455115795135498
3630,0.6621835827827454,0.8632846474647522,4.4893975257873535
4820,0.4376431107521057,0.4804611802101135,4.81275749206543
1524,3.8396072387695312,4.377635478973389,4.619931697845459
282,0.34641367197036743,0.4314473271369934,5.02692985534668
7342,0.6892336010932922,0.8331857323646545,4.5588579177856445
8041,3.317425012588501,3.770134210586548,5.593986511230469
7800,0.3483341336250305,0.48977285623550415,4.644719123840332
3937,0.33927661180496216,0.5779713988304138,4.66324520111084
9096,0.8465936779975891,1.0414996147155762,4.589328289031982
9903,0.9845784306526184,1.323288917541504,4.5137176513671875
9865,2.2326250076293945,2.8346076011657715,4.316721439361572
3954,1.4071991443634033,1.5998892784118652,4.416164398193359
1402,2.7993955612182617,2.8842740058898926,4.923651695251465
3130,0.716536819934845,0.7770689129829407,4.764082908630371
8464,0.10116273164749146,0.14338380098342896,5.008136749267578
166,-0.06649273633956909,0.038679659366607666,4.585630416870117
9106,1.2776942253112793,1.3604609966278076,4.727316379547119
4526,4.6330246925354,5.597655773162842,4.16400671005249
4581,0.6006987690925598,0.7312517762184143,4.6005096435546875
5576,1.0388131141662598,1.1871562004089355,4.597048282623291
4232,0.30387812852859497,0.47016721963882446,4.448039531707764
5813,14.609990119934082,15.877240180969238,5.094633102416992
3475,0.14213591814041138,0.23499161005020142,4.578367710113525
7988,0.2955945134162903,0.4108186364173889,4.62330436706543
2979,0.39855462312698364,0.5109177231788635,4.533937454223633
5325,-1.316938877105713,-1.1690504550933838,4.437519073486328
8098,3.383432149887085,3.6088547706604004,4.472635269165039
470,1.0251047611236572,1.3682832717895508,4.759112358093262
5511,2.0088775157928467,2.6334586143493652,4.328028202056885
9998,1.8278248310089111,2.065930128097534,4.637965679168701
9336,0.25956565141677856,0.442632257938385,4.433022499084473
7613,0.49047452211380005,0.6381669640541077,4.58465576171875
3995,0.04255920648574829,0.3325374722480774,4.319159984588623
7385,-1.7820897102355957,-1.5226690769195557,4.594136714935303
4569,-1.5604033470153809,-1.4101457595825195,4.226283073425293
1419,0.10115820169448853,0.14337927103042603,5.0081377029418945
4022,0.23301154375076294,0.4130859971046448,4.5246758460998535
5280,0.288102924823761,0.4780119061470032,4.882111072540283
4397,24.568078994750977,26.37015724182129,4.804799556732178
7136,0.3464129567146301,0.4314466118812561,5.02692985534668
7616,-0.25166863203048706,-0.006370961666107178,4.391245365142822
7921,1.196246862411499,1.3161509037017822,4.625710964202881
8817,-0.7450827956199646,-0.6502298712730408,4.8580732345581055
4425,-0.0014723539352416992,-0.13392585515975952,4.725748062133789
8548,0.6360672116279602,0.792356550693512,4.525418758392334
2885,-0.06924766302108765,-0.02346700429916382,4.8774003982543945
7135,-0.5325433611869812,-0.5219621062278748,4.587619304656982
2506,0.07667332887649536,0.1924915909767151,4.643006324768066
7532,1.7145071029663086,2.1032583713531494,4.365117073059082
5934,0.476063072681427,0.6902790665626526,4.563851833343506
7102,0.6480363011360168,0.8401160836219788,4.621008396148682
1729,-0.5373725295066833,-0.09621518850326538,4.3206892013549805
8031,0.2782519459724426,0.44666916131973267,4.609988689422607
6882,2.8824808597564697,2.821953296661377,4.846199989318848
207,0.42158061265945435,0.541114866733551,4.709366321563721
5590,18.96695899963379,20.51813316345215,5.098797798156738
8289,-0.28087180852890015,-0.20670932531356812,4.671634674072266
1129,3.5021066665649414,3.8272883892059326,4.488101482391357
6071,8.50620174407959,9.13655948638916,4.321481704711914
7018,0.2697528004646301,0.3818235993385315,4.533200740814209
8728,0.4537575840950012,0.5092044472694397,4.67373514175415
5688,0.99055415391922,1.4605531692504883,4.519820213317871
672,-0.8590335249900818,-0.7919456362724304,4.7527618408203125
9272,0.21981698274612427,0.2150929570198059,4.712575435638428
1983,1.299415111541748,1.4943161010742188,4.806947708129883
4941,0.41781026124954224,0.46621376276016235,4.816251754760742
1669,0.075092613697052,0.1377902626991272,4.949034690856934
3978,0.4857810139656067,0.5473914742469788,4.662783622741699
1245,0.30387431383132935,0.47016340494155884,4.448040008544922
3249,0.3900759816169739,0.5275087952613831,4.646578788757324
6498,8.658183097839355,9.412304878234863,4.6650590896606445
6149,0.052738964557647705,0.15899640321731567,4.977898120880127
9433,-0.7827193140983582,-0.652068555355072,4.377922534942627
5111,9.237237930297852,9.784211158752441,4.869723796844482
420,2.3663315773010254,2.8990225791931152,4.381442070007324
9481,0.0050604939460754395,0.11946731805801392,4.550520896911621
9852,0.42124801874160767,0.4965572953224182,4.638622760772705
5096,0.4936078190803528,0.5886850953102112,4.6167402267456055
2683,-0.1496395468711853,-0.07167738676071167,4.628913879394531
10131,0.0787704586982727,0.24414068460464478,4.473932266235352
2749,0.7700954079627991,0.9738331437110901,4.772071838378906
6043,0.4074910283088684,0.5518937706947327,4.468186378479004
4198,8.353252410888672,9.25059700012207,5.041411399841309
7619,0.06861478090286255,0.24127298593521118,4.33742618560791
3571,0.04062992334365845,0.11920791864395142,4.976283550262451
9240,-0.9671570658683777,-0.7270388007164001,4.588812351226807
1874,1.2260684967041016,1.4487080574035645,4.285341739654541
7758,0.7511022686958313,0.7881961464881897,4.918679237365723
2068,1.5595703125,2.151386260986328,4.586146831512451
3908,0.20542603731155396,0.2921028733253479,4.71034574508667
2496,0.1027420163154602,0.17260605096817017,4.834407806396484
333,1.0708909034729004,1.222639799118042,4.633605003356934
3266,0.02066880464553833,0.16907650232315063,4.552760124206543
4051,0.13221055269241333,0.3017778992652893,4.547932147979736
508,2.4392757415771484,2.6878883838653564,4.541400909423828
659,0.6259739995002747,0.9346047043800354,4.854152679443359
1124,0.3762672543525696,0.5151510834693909,4.529629707336426
3673,0.44869834184646606,0.7450798153877258,4.10410213470459
5733,2.032649278640747,2.571809768676758,4.298229217529297
853,0.7511075139045715,0.788201630115509,4.918678283691406
10109,0.13611894845962524,0.3149924874305725,4.551295280456543
317,0.19856292009353638,0.24012619256973267,4.879415035247803
7705,0.3464069962501526,0.43144017457962036,5.026930809020996
1341,0.11999279260635376,0.22340542078018188,4.695514678955078
4133,0.7115502953529358,0.7809110283851624,4.654668807983398
6906,0.059463322162628174,0.11185508966445923,4.595736503601074
4558,-0.021467387676239014,0.19903403520584106,3.8914811611175537
9648,-0.044734418392181396,0.053965866565704346,4.766578674316406
5529,4.126821041107178,4.633251667022705,4.651960849761963
5355,5.982045650482178,6.672990322113037,4.663633346557617
7449,0.2076297402381897,0.49142247438430786,4.467302322387695
3467,4.0368781089782715,4.327229022979736,5.147048473358154
5363,10.170363426208496,11.474353790283203,4.780159950256348
9787,0.12760049104690552,0.28364378213882446,4.71232795715332
4262,-0.5862929224967957,-0.5509716868400574,4.912044048309326
823,-0.6499255299568176,-0.40296757221221924,4.533802032470703
2977,-0.5436822772026062,-0.5997046828269958,4.532671928405762
7564,5.265016078948975,6.063957691192627,5.231367111206055
2223,-1.1972615718841553,-1.2832438945770264,4.05232572555542
7022,0.15000706911087036,0.23861342668533325,4.946061134338379
1375,1.9819304943084717,2.358844041824341,4.29312801361084
444,8.468506813049316,9.52696704864502,4.355583190917969
9246,5.9389190673828125,6.927928924560547,4.201480865478516
6455,9.533385276794434,10.600325584411621,4.451429843902588
441,-0.010575473308563232,0.09985166788101196,4.563866138458252
10186,1.7172043323516846,1.8969643115997314,4.242999076843262
2091,1.2430357933044434,1.4605565071105957,4.353361129760742
7657,0.0406835675239563,0.1192658543586731,4.976277828216553
2704,1.769035816192627,1.9193353652954102,4.720559597015381
6624,0.34641414880752563,0.4314478039741516,5.02692985534668
5507,0.1930130124092102,0.37539392709732056,4.5559282302856445
6371,0.3245888352394104,0.36866194009780884,4.73617696762085
475,-1.4597160816192627,-0.8508308529853821,4.543472766876221
10004,1.5639338493347168,1.9449870586395264,4.297990322113037
7140,0.03445178270339966,0.15246063470840454,4.6225810050964355
4471,-0.9084599614143372,-0.6392843127250671,4.534979820251465
3595,-0.5490681529045105,-0.47408097982406616,4.61081075668335
7999,-0.4125949740409851,-0.3066181540489197,4.701762676239014
3613,4.320496082305908,4.844372272491455,4.754683017730713
8947,1.6814582347869873,1.8186724185943604,4.744831085205078
8818,-0.06080073118209839,0.09104639291763306,4.6364545822143555
6865,-0.5962960124015808,-0.49014514684677124,4.8152947425842285
6389,-0.012318313121795654,0.023822367191314697,4.599541187286377
4892,-0.09458774328231812,-0.027932345867156982,4.82710075378418
5763,0.23934918642044067,0.7775192856788635,4.109102725982666
96,0.20232850313186646,0.2851133942604065,4.656814098358154
7814,0.2919319272041321,0.45919519662857056,4.450586318969727
6232,3.109990119934082,3.5757558345794678,4.715734481811523
9432,-0.7548912167549133,-0.3687240481376648,4.474477291107178
320,0.7272909283638,0.8987093567848206,4.472877502441406
9569,0.11679640412330627,0.3679814338684082,4.8470540046691895
6381,-1.3656995296478271,-0.9499031901359558,4.387671947479248
6883,0.8303070664405823,0.9742313027381897,4.777335166931152
3388,1.8441917896270752,2.2317380905151367,4.38515567779541
1020,0.2197306752204895,0.48437029123306274,5.079403400421143
6812,1.5860321521759033,1.820655107498169,4.355833053588867
7633,0.46864062547683716,0.6769419312477112,4.347136974334717
8890,0.20621806383132935,0.5714989304542542,3.83370304107666
5421,-0.06326502561569214,0.029798567295074463,4.702115535736084
6678,2.742353677749634,3.326958656311035,3.6283559799194336
6797,0.3722689747810364,0.5511756539344788,4.579363822937012
1052,-0.1629135012626648,0.09157544374465942,4.407077789306641
3505,-0.45974665880203247,-0.08484429121017456,3.255239725112915
2503,0.6200564503669739,0.677002489566803,4.6686601638793945
6275,0.46462661027908325,0.6305142045021057,4.580101013183594
3788,0.1641252636909485,0.543469250202179,5.022588729858398
2471,0.2847772240638733,0.33295971155166626,4.928252696990967
2267,1.3177506923675537,1.2974183559417725,4.769775390625
1320,0.3908699154853821,0.5452209115028381,4.51150369644165
8849,0.08005982637405396,0.18808704614639282,4.581965923309326
5238,4.885555744171143,5.814338684082031,4.281691551208496
5502,0.6591816544532776,0.993793785572052,4.598081588745117
4451,0.610455334186554,0.651233971118927,4.809340476989746
3841,0.10116058588027954,0.14338165521621704,5.0081377029418945
4681,4.069536209106445,4.846494674682617,4.137014865875244
1269,0.3214033246040344,0.4272761940956116,4.635766983032227
7206,1.4270894527435303,1.9845902919769287,4.7290143966674805
4499,0.011778175830841064,0.20480495691299438,4.388552665710449
3919,-0.0181085467338562,0.2553589940071106,4.462196350097656
7939,2.0052003860473633,2.1461524963378906,4.390796184539795
8540,3.3260536193847656,3.656949996948242,5.3059844970703125
4543,0.18548589944839478,0.21914726495742798,4.865148067474365
4050,0.7991281151771545,0.9224103093147278,4.5953369140625
4246,-0.3758196234703064,-0.4436332583427429,4.870486259460449
7373,0.7984448075294495,0.8864124417304993,4.727965354919434
7777,-0.044696033000946045,0.05400782823562622,4.766573905944824
2607,0.47660475969314575,0.6399417519569397,4.430246353149414
7305,0.7870932221412659,0.8843608498573303,4.472695827484131
8976,9.995720863342285,11.7210054397583,3.6941051483154297
6991,-0.08047860860824585,0.09579378366470337,4.482379913330078
8270,0.14223319292068481,0.2554622292518616,4.5657806396484375
7251,4.211819648742676,4.887803554534912,4.7270307540893555
5198,1.485138177871704,1.6539158821105957,4.399248123168945
9157,0.9092845916748047,1.6857404708862305,4.0467448234558105
8702,-0.0664936900138855,0.03867870569229126,4.585630416870117
7612,0.8213565945625305,0.9878235459327698,4.589623928070068
2184,0.283987820148468,0.44749218225479126,4.5431647300720215
7478,0.34277254343032837,0.5329700112342834,4.764947891235352
1988,0.9524100422859192,1.4169986248016357,4.929263114929199
4082,0.4456186890602112,0.6720913052558899,4.785113334655762
9132,7.526917934417725,8.997629165649414,4.520834445953369
822,0.019725143909454346,0.1629391312599182,4.606997966766357
7611,3.3834335803985596,3.608856678009033,4.472635269165039
8486,7.436522006988525,8.808304786682129,4.226276874542236
2881,0.6270259022712708,0.7103620171546936,4.535857200622559
3585,0.1588771939277649,0.2863307595252991,4.7272796630859375
6965,-2.250368356704712,-2.076465129852295,4.3699445724487305
1746,0.509604275226593,0.4356089234352112,4.668517112731934
90,1.213649034500122,1.5106792449951172,5.18194055557251
2417,8.111177444458008,8.998079299926758,4.902292251586914
3997,0.6834133267402649,0.8370195031166077,4.478371620178223
6547,0.9555063843727112,1.3265275955200195,4.550774574279785
8099,0.32038670778274536,0.3927984833717346,4.735352039337158
6291,0.18094950914382935,0.3469424843788147,4.468632221221924
3185,0.751103937625885,0.7881978154182434,4.918679237365723
9431,0.7556992173194885,1.0141761302947998,4.566113471984863
6790,0.30387812852859497,0.47016721963882446,4.448040008544922
7461,6.276148796081543,6.8383026123046875,4.674043655395508
1193,5.519592761993408,6.042115211486816,4.7994208335876465
7784,0.13525360822677612,0.2528079152107239,4.55473518371582
4011,0.34641343355178833,0.4314470887184143,5.02692985534668
757,0.20819789171218872,0.2985110878944397,4.612611293792725
400,1.0970795154571533,1.3439135551452637,4.546708583831787
2414,0.18426257371902466,0.26060158014297485,4.847194671630859
3262,-0.10003417730331421,-0.027459561824798584,4.759389400482178
3680,-0.4938027262687683,-0.4413108229637146,4.67965030670166
5085,0.06579691171646118,0.17362934350967407,4.628150939941406
3848,2.032773971557617,2.445220708847046,4.440631866455078
1530,-0.024658143520355225,0.19909602403640747,4.46400260925293
5491,0.005411207675933838,0.11250311136245728,4.740771770477295
8445,8.671531677246094,9.824864387512207,4.197700023651123
4649,-0.20556896924972534,-0.1289038062095642,4.865131378173828
1389,1.8955390453338623,1.9867687225341797,4.871349334716797
2780,0.13226205110549927,0.20630508661270142,4.60355281829834
7752,2.113236427307129,2.4892849922180176,4.6406731605529785
8375,1.0498578548431396,1.1695399284362793,4.915922164916992
3501,0.41434651613235474,0.5353241562843323,4.607980728149414
7244,0.12361723184585571,0.2180376648902893,4.737340927124023
7238,-0.017023742198944092,0.07163912057876587,4.7331695556640625
7618,1.3301751613616943,1.5584700107574463,4.3195576667785645
5279,-0.38269346952438354,-0.3463596701622009,4.898401737213135
9502,1.2070629596710205,1.478851318359375,4.373963832855225
7043,-0.8005563616752625,-0.750480592250824,5.002574920654297
3443,0.8063655495643616,0.8692598938941956,4.830574989318848
4700,-1.1369762420654297,-1.0312583446502686,4.776831150054932
4978,0.3828333020210266,0.701749861240387,4.516391277313232
6,-1.0224604606628418,-1.1831557750701904,4.958518028259277
8977,0.25729113817214966,0.30550962686538696,4.889067649841309
6653,3.334386110305786,4.034160614013672,4.594415187835693
4930,0.6134564876556396,0.9830950498580933,4.818841934204102
9324,2.4655582904815674,3.169609308242798,4.338042259216309
2851,0.5244024395942688,0.6124082207679749,4.748857498168945
6211,0.39007169008255005,0.527504026889801,4.646579265594482
6888,0.4488573670387268,0.49586111307144165,4.923730373382568
3143,0.922612726688385,1.2046079635620117,4.3911871910095215
2085,0.30587702989578247,0.437141478061676,4.482311248779297
9083,7.852753162384033,8.800748825073242,4.836686611175537
4844,3.2571046352386475,3.671393632888794,5.123868465423584
6592,0.5372498631477356,0.7107043862342834,4.474637985229492
5344,0.9467948079109192,1.0139672756195068,5.107876777648926
6691,0.9249098896980286,0.9727926850318909,5.035069942474365
5067,0.34071284532546997,0.4889422059059143,4.447046756744385
8308,1.6091735363006592,1.5744414329528809,5.376753807067871
4920,-1.8249075412750244,-1.7686121463775635,4.416007995605469
2041,0.1820276379585266,0.34855276346206665,4.495965003967285
5143,0.23213988542556763,0.35350948572158813,4.727797508239746
5409,1.2263789176940918,1.6134469509124756,4.598610877990723
1146,1.779839277267456,2.088054656982422,4.829403877258301
7066,0.146928608417511,0.2896943688392639,4.507846355438232
5967,-0.12707775831222534,0.0026794075965881348,4.650796890258789
3228,0.23885661363601685,0.34237056970596313,4.617565155029297
8821,2.2390365600585938,2.6415042877197266,4.349704742431641
8518,-0.679423987865448,-0.5303685665130615,4.8312554359436035
27,0.6427915692329407,0.8649497628211975,4.443774223327637
7144,0.06453830003738403,0.21990782022476196,4.536258697509766
727,0.41511183977127075,0.5785494446754456,4.481165409088135
4173,-1.2806875705718994,-1.0355243682861328,4.2379326820373535
3114,0.6105445027351379,0.6513250470161438,4.809330463409424
9446,0.11155658960342407,0.21741968393325806,4.722906112670898
6311,0.7863849997520447,1.0810556411743164,4.257045745849609
1894,13.661240577697754,15.158710479736328,4.343740940093994
8379,0.040179312229156494,0.11874634027481079,4.976341247558594
7149,1.3439970016479492,1.7903883457183838,4.766824722290039
5139,-2.198047161102295,-1.8959250450134277,4.591594696044922
5663,1.1991512775421143,1.3484413623809814,4.2690629959106445
7119,-0.3068358302116394,-0.3456394076347351,4.691144943237305
9774,0.07540589570999146,0.23029190301895142,4.499072551727295
1776,0.6483657956123352,0.7601175904273987,4.618412971496582
626,0.16561633348464966,0.26045137643814087,4.5498366355896
4349,1.5295162200927734,1.8202931880950928,5.052644729614258
9512,0.3766549229621887,0.49877363443374634,4.6033220291137695
2925,0.21066313982009888,0.35761314630508423,4.569376468658447
4279,2.2043957710266113,2.494077205657959,4.858481407165527
1889,3.7901220321655273,4.2531843185424805,4.959970474243164
452,0.7584577202796936,0.9907637238502502,4.3119916915893555
5425,0.09552270174026489,0.22111612558364868,4.638379096984863
10215,2.0647435188293457,2.1449174880981445,4.967430591583252
6548,1.961071252822876,2.394115447998047,4.30054235458374
8346,0.04026561975479126,0.1466880440711975,4.621708393096924
5753,0.15292340517044067,0.21966320276260376,4.604718208312988
4573,0.39925605058670044,0.5155144333839417,4.6271443367004395
1137,-2.139458656311035,-1.9616742134094238,4.403676509857178
4564,-0.42201727628707886,-0.32602304220199585,4.361863136291504
5378,0.21908217668533325,0.36286836862564087,4.602197647094727
6528,0.37416917085647583,0.5166221261024475,4.6655683517456055
3164,0.5308158993721008,0.6973739266395569,4.524561405181885
387,0.8458710312843323,0.9882703423500061,4.642950534820557
3652,0.18634992837905884,0.26644283533096313,4.751502990722656
3728,12.310063362121582,13.525418281555176,4.733146667480469
5000,-0.10385888814926147,0.27320390939712524,3.9311540126800537
5728,10.93334674835205,11.768014907836914,4.354798793792725
7541,-0.2548443675041199,-0.17306798696517944,4.6322340965271
3269,-0.05322355031967163,0.0005787014961242676,4.871807098388672
3644,0.7014816403388977,1.0776870250701904,4.188406944274902
7711,1.1000075340270996,1.2964768409729004,4.839500427246094
634,1.7438592910766602,2.013875961303711,4.668548107147217
6267,-0.29123419523239136,-0.2110571265220642,4.737107276916504
1771,0.4971688389778137,0.6716538071632385,4.511931419372559
2608,4.302438259124756,4.641392230987549,4.539516448974609
10129,0.27094584703445435,0.35981661081314087,4.545032501220703
4065,-0.1570720076560974,-0.04356950521469116,4.695708751678467
6745,6.571102142333984,7.418336868286133,5.00626277923584
5442,0.5910825133323669,0.9356968998908997,4.861741065979004
2938,0.0776556134223938,0.20356708765029907,4.513940334320068
406,-0.3025516867637634,-0.22383350133895874,4.755147457122803
6755,0.6968916058540344,0.8637805581092834,4.575850963592529
2900,-1.0847852230072021,-0.705348789691925,4.5295000076293945
2662,0.4459908604621887,0.4959560036659241,4.810446262359619
3878,0.8138909935951233,0.9141073822975159,4.566771507263184
2532,0.7151480317115784,0.8397160172462463,4.5236406326293945
10005,1.1877714395523071,1.5141100883483887,4.52961540222168
9173,-0.10417383909225464,0.4695037007331848,4.566744327545166
5794,5.855226039886475,7.007659435272217,4.699878692626953
1684,-1.1936802864074707,-1.1479554176330566,4.482048034667969
4088,0.12053948640823364,0.2200966477394104,4.9995574951171875
3441,-0.29794830083847046,0.19990330934524536,4.645861625671387
5862,-0.21473902463912964,-0.1372782588005066,4.799991607666016
653,0.14942198991775513,0.2422218918800354,4.644747257232666
5974,-0.27159589529037476,-0.21691769361495972,4.17048454284668
5050,5.405843734741211,6.2773919105529785,4.247766971588135
685,0.4409945607185364,0.6172710061073303,4.46431303024292
2088,0.20818883180618286,0.29850155115127563,4.612612724304199
7041,1.224813461303711,1.3634867668151855,5.126175880432129
2426,1.5727553367614746,1.6849040985107422,5.1368937492370605
9052,-0.01633661985397339,0.12638503313064575,4.855949401855469
9543,0.18737775087356567,0.32733064889907837,4.577994346618652
6049,-0.2393166422843933,-0.13010495901107788,4.761390209197998
590,-2.4533331394195557,-2.2503466606140137,4.129144668579102
8938,1.24416184425354,1.4700045585632324,5.240159034729004
2442,-3.6388280391693115,-3.1746582984924316,3.791123390197754
1232,-0.5007643103599548,-0.23658007383346558,4.591645240783691
10102,0.4384353756904602,0.4072313904762268,4.875664234161377
158,-0.6368176341056824,-0.46709197759628296,4.4941253662109375
9189,-0.028432786464691162,-0.12053078413009644,4.793712615966797
7007,0.17287951707839966,0.3039703965187073,4.579184055328369
9038,0.33398181200027466,0.4674068093299866,4.561886787414551
7239,0.6119013428688049,0.7575295567512512,4.731490135192871
2647,2.3131461143493652,2.7485153675079346,5.115052223205566
4291,0.2014029622077942,0.3358803391456604,4.613240718841553
2143,-0.09987086057662964,-0.027293145656585693,4.759371280670166
5464,0.05243617296218872,0.1606035828590393,4.629356384277344
58,0.06919366121292114,0.14589697122573853,4.575016021728516
722,0.16288524866104126,0.28564125299453735,4.718056678771973
4533,-0.4367380738258362,0.28602272272109985,4.118914604187012
10035,0.7531455159187317,0.9016905426979065,4.612576961517334
1512,0.43627768754959106,0.5694637894630432,4.498016834259033
832,-0.19512790441513062,-0.04715627431869507,4.655069351196289
4114,0.45316392183303833,0.5517225861549377,4.723280906677246
8004,0.23313194513320923,0.3489876389503479,4.703215599060059
8280,0.3702806830406189,0.6549986004829407,4.143680095672607
4325,2.2622721195220947,2.5168840885162354,4.9719462394714355
3335,3.211749315261841,3.801382541656494,4.412158012390137
5617,0.23318511247634888,0.37684351205825806,4.649477958679199
3450,1.2984800338745117,1.4259417057037354,4.643908500671387
9909,-1.0700445175170898,-0.9075472950935364,5.0951056480407715
4616,2.381887912750244,3.2070603370666504,3.863806962966919
4462,-1.1882336139678955,-1.2184245586395264,4.626053810119629
2546,0.11902981996536255,0.19517332315444946,4.665613651275635
10209,-0.38234537839889526,-0.3382977843284607,4.621138095855713
1753,0.7511001229286194,0.7881932854652405,4.918679237365723
1891,0.04067736864089966,0.11925917863845825,4.976278305053711
10218,0.004259645938873291,0.21830517053604126,4.421297073364258
2200,0.013553917407989502,0.18709522485733032,4.5194244384765625
1697,1.168687343597412,1.7705254554748535,4.12311315536499
4905,0.35342732071876526,0.6954408884048462,4.988708019256592
9086,0.34641391038894653,0.4314475655555725,5.02692985534668
128,0.15675288438796997,0.2753611207008362,4.5637102127075195
8666,3.576921224594116,4.27732515335083,4.676055908203125
4956,-2.1390068531036377,-1.6781070232391357,4.787874698638916
8900,3.569775342941284,4.179741382598877,4.347311973571777
7179,1.113673210144043,1.1856365203857422,4.491708755493164
2584,0.0272710919380188,0.12189251184463501,4.59724235534668
4669,1.285851240158081,1.4673161506652832,4.499310493469238
6054,0.07262736558914185,0.19460970163345337,4.700469970703125
4002,0.20231086015701294,0.36503273248672485,4.473850727081299
1127,2.349510431289673,2.642899513244629,4.748086929321289
5718,-0.4106866717338562,-0.34177345037460327,4.7990593910217285
2170,0.0401952862739563,0.14902979135513306,4.621028900146484
9995,-1.278228521347046,-0.7207960486412048,3.970536708831787
8288,0.43717509508132935,0.6945858597755432,4.330657958984375
3492,6.431081771850586,7.12841796875,4.383408546447754
8808,0.34638816118240356,0.43142014741897583,5.026932716369629
1200,2.346486806869507,2.5781335830688477,4.776693344116211
1638,0.06995898485183716,0.1643391251564026,4.689126491546631
9224,0.7538163065910339,1.073272466659546,4.271819591522217
7508,0.08940130472183228,0.1983972191810608,4.624119758605957
152,0.1870453953742981,0.32769590616226196,4.492852210998535
1188,1.798220157623291,2.2191662788391113,4.829553127288818
5180,0.2663288712501526,0.5614562630653381,4.476405143737793
7491,4.0779619216918945,4.741056442260742,4.388757705688477
4915,0.7623928189277649,0.8867588043212891,4.339240074157715
2144,1.495107889175415,1.6272079944610596,4.575414657592773
6484,1.7219362258911133,1.7387583255767822,4.986932754516602
4351,1.184790849685669,1.259321689605713,5.109309196472168
3910,0.6589108109474182,0.7483864426612854,4.585574150085449
5147,-0.09092110395431519,-0.18033593893051147,4.639985084533691
3346,0.07803946733474731,0.23421388864517212,4.702972412109375
4272,1.8315885066986084,2.1291825771331787,4.1298723220825195
5183,1.8306944370269775,2.433023452758789,4.538579940795898
8565,-0.17161482572555542,-0.25782912969589233,4.377538681030273
9260,1.7092514038085938,1.9502408504486084,4.713153839111328
9562,0.12283259630203247,0.23397594690322876,4.7806396484375
6868,-0.006294906139373779,0.324299156665802,4.11368465423584
1343,5.563207626342773,6.185863494873047,4.654240131378174
651,1.0493528842926025,1.28377103805542,4.396180152893066
9740,0.8088532090187073,0.8940322995185852,4.814932823181152
9485,0.4850638508796692,1.1630971431732178,3.844841718673706
4033,1.2936794757843018,1.6045949459075928,4.648879051208496
9333,2.1047112941741943,2.2358033657073975,4.741021156311035
1964,1.351266622543335,1.537527322769165,4.6295623779296875
6615,0.24919778108596802,0.3516431450843811,4.615858554840088
3853,2.891099691390991,3.2641446590423584,4.9360527992248535
1113,0.2352340817451477,0.39084774255752563,4.537247657775879
9749,0.2673071026802063,0.4066382050514221,4.550519943237305
1122,4.562007427215576,5.0570526123046875,4.502856254577637
3044,0.01595240831375122,0.14960628747940063,4.714024543762207
1312,0.21943551301956177,0.2941508889198303,4.626970291137695
8320,0.9082807898521423,1.2180967330932617,4.493017196655273
931,0.5792029500007629,0.6873164772987366,4.92387056350708
2579,0.4948299527168274,0.6390448212623596,4.549427032470703
8701,0.41859060525894165,0.46898895502090454,4.669692516326904
8238,0.8695060610771179,1.400834560394287,4.012144088745117
7811,0.6515558362007141,0.7289662957191467,4.584611415863037
9571,3.2654271125793457,3.6618432998657227,4.436032295227051
821,-0.2132839560508728,-0.10790294408798218,4.6497697830200195
936,0.10513979196548462,0.24277645349502563,4.654260635375977
5138,1.9979844093322754,2.474377393722534,4.3494462966918945
998,5.691074848175049,6.53670072555542,3.918058156967163
8883,0.49621516466140747,0.5649905800819397,4.983014106750488
9489,1.838172197341919,2.2525384426116943,4.632144451141357
958,0.9375153183937073,1.0461797714233398,4.845428943634033
3566,0.47015053033828735,0.5154591202735901,4.819089889526367
4861,-0.3174075484275818,-0.2014574408531189,4.744174003601074
3111,1.2344627380371094,1.8889739513397217,4.225858688354492
2536,0.0527837872505188,0.11919718980789185,4.955591678619385
7973,0.06919747591018677,0.14590078592300415,4.575015544891357
9105,4.818371772766113,5.436210632324219,4.623622894287109
6930,0.3675420880317688,0.513430655002594,4.57436466217041
4673,0.6739197373390198,0.8112981915473938,4.626989364624023
7454,0.4218786358833313,0.549326479434967,4.438411712646484
4345,4.656428337097168,5.432180881500244,3.833097219467163
6396,1.2028659582138062,1.7051384449005127,4.236403942108154
35,0.171558678150177,0.24849659204483032,4.598923683166504
6209,-0.12645262479782104,0.15654808282852173,4.656576156616211
2697,0.18421345949172974,0.3017011284828186,4.691539287567139
960,0.20829278230667114,0.25609737634658813,4.621730804443359
6570,0.5380201935768127,0.6428709626197815,4.689627647399902
3502,0.477222740650177,0.6390028595924377,4.546693801879883
7886,0.0688050389289856,0.1668267846107483,4.564488887786865
7956,-0.2304479479789734,-0.17507022619247437,4.739020347595215
6658,-0.18679279088974,-0.020929276943206787,4.3865180015563965
2724,2.636270761489868,3.250593662261963,4.713954925537109
3872,7.226783752441406,8.097392082214355,4.5140509605407715
1528,20.711711883544922,22.623289108276367,4.228033065795898
241,-0.44083184003829956,-0.45361465215682983,4.742489814758301
8856,0.055422842502593994,0.2919936776161194,4.458685874938965
828,0.9278174042701721,1.106537103652954,4.625572204589844
1604,-0.28875964879989624,-0.16265910863876343,4.6454315185546875
9016,-0.1491801142692566,-0.3110498785972595,4.84041690826416
7260,-1.0441210269927979,-1.2291722297668457,4.055055141448975
1235,1.5656015872955322,2.079512357711792,4.441684722900391
4092,3.6794984340667725,4.007845401763916,4.582785606384277
7579,0.022242844104766846,0.1447020173072815,4.672361373901367
4563,1.461435317993164,1.641439437866211,4.560528755187988
3006,0.7817957997322083,0.96137934923172,4.554638385772705
10250,1.0617191791534424,1.5787248611450195,4.3825578689575195
2296,2.856336832046509,3.3159303665161133,5.053404331207275
7350,0.09303170442581177,0.2081037163734436,4.5704216957092285
8786,0.7511058449745178,0.7881997227668762,4.918678283691406
3116,1.5462896823883057,2.0876855850219727,4.347928047180176
3139,-0.9305371642112732,-0.8330625891685486,4.388688087463379
4073,2.6800224781036377,3.356424331665039,4.268136978149414
1790,0.43977147340774536,0.5331206917762756,4.623831748962402
5559,0.22404080629348755,0.35468488931655884,4.544772624969482
6596,0.481076180934906,0.7497078776359558,4.563868522644043
993,0.6605423092842102,1.099452257156372,4.374879360198975
1612,15.541587829589844,17.12150764465332,5.227328777313232
887,-0.9815821051597595,-0.5989685654640198,4.155248641967773
7651,-0.5044726729393005,-0.42476576566696167,4.690249443054199
6735,0.9722779393196106,1.2285513877868652,4.27793550491333
6939,0.634879469871521,0.5226924419403076,4.873723030090332
5804,-0.7014932036399841,-0.7676748633384705,5.010133743286133
7062,0.20237332582473755,0.6824415326118469,3.394223690032959
1588,0.3038786053657532,0.47016769647598267,4.448039531707764
1545,2.1966845989227295,2.7493839263916016,4.185011863708496
3119,0.3382337689399719,0.4643746018409729,4.508910655975342
6669,0.1870463490486145,0.32769685983657837,4.492852210998535
7749,2.6005303859710693,3.001429557800293,4.587007522583008
3981,3.566413640975952,4.050779342651367,4.822173118591309
7744,0.10692879557609558,0.9042460918426514,4.758484840393066
9440,1.9258575439453125,2.1133415699005127,4.351047992706299
9355,4.272892951965332,4.642648696899414,4.812305450439453
2167,0.24806910753250122,0.38863474130630493,4.54315710067749
8834,0.5016561150550842,0.6574419140815735,4.586204528808594
3510,0.38082581758499146,0.49006086587905884,4.608236312866211
7953,-1.8145363330841064,-1.9941692352294922,4.421228408813477
4562,0.5408423542976379,0.7294817566871643,4.516095161437988
3899,0.7968602776527405,0.948106586933136,4.614523410797119
8423,4.562065124511719,4.974017143249512,4.7644829750061035
1160,0.4709389805793762,0.5983934998512268,4.65501594543457
5413,-1.34725022315979,-0.8322128653526306,4.433387756347656
514,11.298888206481934,12.761866569519043,4.879086971282959
1104,1.9059367179870605,2.317654848098755,4.400280475616455
3750,0.11296015977859497,0.28812509775161743,4.55746603012085
964,-0.3639513850212097,-0.2738913893699646,4.668561935424805
1163,-1.3181519508361816,-1.0620372295379639,4.034804344177246
117,-0.11945360898971558,-0.03633540868759155,4.103640556335449
3608,0.4473584294319153,0.6363468766212463,4.402042388916016
9641,1.4245121479034424,1.5291225910186768,4.560601234436035
3770,-0.06711500883102417,0.038115084171295166,4.585670471191406
9075,0.6725051999092102,0.8601146340370178,4.388878345489502
9638,0.4378507733345032,0.531745970249176,4.67399787902832
344,-1.8990395069122314,-1.6944589614868164,4.190722465515137
5539,0.33260613679885864,0.4549403786659241,4.602591037750244
1049,-0.3832690119743347,-0.26946157217025757,4.653047561645508
3681,-0.7579205632209778,-0.4973251223564148,4.442415237426758
4061,0.6381078362464905,0.7847610116004944,4.593691825866699
1982,0.23875457048416138,0.3318086266517639,4.950496196746826
7397,0.38772374391555786,0.4948039650917053,4.761294364929199
8479,2.5569567680358887,2.5419161319732666,4.920020580291748
7177,0.08427482843399048,0.2899375557899475,4.765161514282227
6118,1.322523593902588,1.7241103649139404,4.481406211853027
6537,0.22316008806228638,0.35719674825668335,4.87476921081543
5107,0.41952306032180786,0.5029478669166565,4.617481231689453
3295,0.1619604229927063,0.26867443323135376,4.660503387451172
8835,0.2197602391242981,0.31403452157974243,4.6094207763671875
3470,2.658029317855835,3.4745805263519287,4.970348358154297
6932,1.6362175941467285,1.8343677520751953,4.404387474060059
9938,1.3429291248321533,1.947291612625122,4.86066198348999
8645,0.8805105090141296,1.2195055484771729,4.787550926208496
4342,0.21573907136917114,0.3708396553993225,4.590033531188965
2705,2.3497045040130615,2.866184949874878,4.522129058837891
9007,0.13387447595596313,0.22983509302139282,4.668987274169922
7787,5.196924209594727,5.61861515045166,5.495605945587158
2103,1.9178063869476318,2.212881088256836,4.564330101013184
2060,-0.15414875745773315,-0.059738099575042725,4.717357158660889
8727,5.411812782287598,5.929935932159424,4.354644775390625
1133,-0.6704561114311218,-0.6376518607139587,4.624630928039551
7962,-0.09457319974899292,-0.02791684865951538,4.827098846435547
1403,0.10116010904312134,0.14338117837905884,5.0081377029418945
1290,-1.7236607074737549,-1.365520715713501,4.73267126083374
9295,9.292576789855957,10.015389442443848,4.7072248458862305
3946,5.038686752319336,5.5988969802856445,4.62652063369751
949,0.1522718071937561,0.33245521783828735,4.707529067993164
3923,0.18095284700393677,0.3469453454017639,4.468631744384766
5038,7.0852837562561035,8.406847953796387,4.076646327972412
5947,1.3204927444458008,1.5454480648040771,4.612229347229004
1832,-0.7736099362373352,-0.39656054973602295,4.436162948608398
319,0.16208702325820923,0.4178672432899475,4.376744270324707
8005,0.2868826985359192,0.4338260293006897,4.608354568481445
5310,-0.2132841944694519,-0.10790342092514038,4.6497697830200195
9813,9.59168529510498,10.54383373260498,5.00452995300293
9,0.40920716524124146,0.47132545709609985,4.648281097412109
8689,-0.009044468402862549,0.49350401759147644,3.782353162765503
8837,0.2082088589668274,0.2985230088233948,4.612610340118408
2646,0.35465317964553833,0.5390368103981018,4.6354899406433105
6126,24.829721450805664,27.14646339416504,4.318757057189941
10144,0.31214600801467896,0.49030977487564087,4.4751410484313965
3258,0.3057554364204407,0.43808799982070923,4.53555965423584
9977,3.0872275829315186,3.6117279529571533,4.4544267654418945
10118,0.43973857164382935,0.6221862435340881,4.421052932739258
4889,3.1195590496063232,3.533385753631592,4.209118843078613
1743,-0.39403361082077026,-0.3208157420158386,4.506319522857666
8317,-0.5257143378257751,-0.2173430323600769,4.242926120758057
2927,0.27657800912857056,0.3619254231452942,4.570319175720215
8201,0.6253054738044739,0.8187609314918518,4.477077484130859
4315,1.177931547164917,1.5201680660247803,4.477780342102051
53,0.5978952050209045,0.7572494149208069,4.630422592163086
7433,1.0887625217437744,1.450161099433899,4.720467567443848
2591,-0.2132841944694519,-0.10790342092514038,4.6497697830200195
7123,0.37742382287979126,0.4617820382118225,4.684493064880371
4808,0.33501845598220825,0.47352129220962524,4.579500675201416
1827,2.0329625606536865,2.062748432159424,5.039823532104492
5573,0.3576250672340393,0.481875479221344,4.677002429962158
4371,3.310258626937866,3.907339096069336,4.514337539672852
8797,0.44711047410964966,0.5239830613136292,4.727388858795166
1876,1.571028470993042,2.1879143714904785,4.248979091644287
188,0.3049653172492981,0.40513139963150024,4.731693267822266
9064,-2.161255121231079,-2.5831289291381836,5.067018032073975
4119,-0.9121784567832947,-0.7115892767906189,4.900015830993652
8669,1.4972875118255615,1.7594470977783203,5.262430191040039
7668,-0.02852529287338257,0.018864214420318604,4.67587423324585
9763,1.638810634613037,1.8695917129516602,4.807736873626709
6252,0.07090264558792114,0.3936513066291809,4.34553861618042
6304,-0.08668607473373413,-0.01076287031173706,4.946966648101807
1040,0.4531777501106262,0.6520619988441467,4.532920837402344
9771,2.2679824829101562,2.7657814025878906,4.618008613586426
6916,0.2467098832130432,0.6518738865852356,4.875284194946289
2621,0.8440850377082825,1.0469913482666016,4.417783737182617
2504,-1.8479392528533936,-1.847966194152832,5.0846848487854
1796,0.3894069790840149,0.6274757981300354,4.313920021057129
771,-0.1951243281364441,-0.04715245962142944,4.655069351196289
1489,0.11256295442581177,0.227910578250885,4.6472554206848145
8085,0.5059688687324524,0.6148748993873596,4.605285167694092
8348,2.5209972858428955,2.942999839782715,4.54134464263916
2266,0.2520349621772766,0.3936462998390198,4.6157732009887695
3593,0.5712898373603821,0.6670642495155334,4.626461029052734
5930,0.20937854051589966,0.3132515549659729,4.631099700927734
6543,2.8781051635742188,3.161604642868042,4.438901901245117
9560,0.749261200428009,0.9696846604347229,4.529775619506836
7019,0.2510684132575989,0.347931444644928,4.705959320068359
9577,0.0848117470741272,0.21996551752090454,4.604300498962402
4304,-0.6262437701225281,-0.2816454768180847,3.923152446746826
8830,0.16074448823928833,0.2923160195350647,4.564034461975098
9197,0.3162229657173157,0.46096521615982056,4.639169216156006
4040,0.07369834184646606,0.24012333154678345,4.540722846984863
2287,0.9977503418922424,1.0858752727508545,4.568758964538574
4339,2.7856180667877197,3.1810097694396973,5.040604591369629
2340,-0.1588572859764099,0.0026136040687561035,4.62624454498291
7517,-0.2291356921195984,-0.14926379919052124,4.635771751403809
6482,0.751106321811676,0.7882001996040344,4.918678283691406
8179,1.3132245540618896,1.4720377922058105,4.592766761779785
3483,0.10116225481033325,0.14338332414627075,5.008137226104736
5155,-0.896183431148529,-0.8489255309104919,4.386069297790527
9292,8.548657417297363,9.217443466186523,4.46511173248291
3456,-1.0089645385742188,-0.8782939314842224,4.528113842010498
1084,0.45301181077957153,0.5288458466529846,4.683945655822754
4386,0.2513454556465149,0.5284014344215393,4.352823257446289
6572,0.3463905453681946,0.43142300844192505,5.0269317626953125
5168,-0.3352310061454773,-0.17709964513778687,4.76653528213501
525,-0.659707248210907,-0.44991225004196167,4.473536968231201
3752,-0.7134348750114441,-0.671696126461029,4.880448341369629
916,-0.14937561750411987,-0.01520603895187378,4.813258171081543
5313,0.031085312366485596,0.1223483681678772,4.548409938812256
3598,0.6852074265480042,1.139366626739502,4.670472145080566
9125,1.233916997909546,1.5025339126586914,4.506064414978027
4422,7.09972620010376,7.910985946655273,5.191381931304932
6216,-0.26638907194137573,-0.1501283049583435,4.61241340637207
7573,1.308476448059082,1.5079090595245361,4.878290176391602
2677,0.5260289311408997,0.6149821877479553,4.593530654907227
4010,0.39901286363601685,0.5766544938087463,4.5572967529296875
8751,1.150083303451538,1.4147531986236572,4.521695137023926
2803,-0.16344064474105835,-0.26512521505355835,4.569192886352539
9980,2.2487895488739014,2.722568988800049,4.870898246765137
1169,0.19856220483779907,0.24012523889541626,4.879415512084961
4374,0.9086058735847473,1.2963247299194336,4.554637432098389
3432,-0.6432382464408875,-0.40879660844802856,4.515887260437012
5820,0.19744998216629028,0.3763757348060608,5.003120422363281
6065,0.08626300096511841,0.18877369165420532,4.616174221038818
2664,0.34385305643081665,0.500183641910553,5.056449890136719
5977,0.4147844910621643,0.6545050740242004,4.316187858581543
7428,-0.20657628774642944,-0.07931274175643921,4.770977973937988
4554,0.3951581120491028,0.4677334427833557,4.607131481170654
6227,-0.5169575810432434,-0.34956294298171997,4.757126808166504
1654,0.06466037034988403,0.2561083436012268,4.417956829071045
3814,0.8579629063606262,1.0720391273498535,4.502077102661133
1307,0.005517303943634033,0.08417016267776489,4.747097015380859
4741,1.018265962600708,1.0975697040557861,4.659947872161865
3733,-2.238208532333374,-2.2521448135375977,4.618150234222412
750,1.1682374477386475,1.3877782821655273,4.330686569213867
1139,-0.8710426688194275,-0.7897133231163025,4.398886203765869
3150,5.41878604888916,6.21555233001709,4.140923500061035
9459,0.9857564568519592,1.1522202491760254,4.633572578430176
5925,0.3287122845649719,0.4825754761695862,4.632143497467041
10133,0.1283910870552063,0.2393065094947815,4.56121301651001
4803,0.6819546818733215,0.8150206208229065,4.437112808227539
9044,5.701567649841309,6.4416584968566895,4.27200174331665
1291,-0.06475323438644409,0.06530290842056274,4.558824062347412
6201,1.534111499786377,2.2867350578308105,4.399213790893555
2045,-1.8137493133544922,-1.5060136318206787,4.136419296264648
8785,-0.39491742849349976,-0.34570735692977905,4.667694091796875
7527,0.7118683457374573,0.8408191800117493,4.6463422775268555
711,0.3115244507789612,0.525398313999176,4.921874046325684
4333,0.5156531929969788,0.7211580872535706,4.400443077087402
9891,0.6127837300300598,0.775280773639679,4.634865760803223
5635,2.21108341217041,2.8160226345062256,4.275058269500732
5881,1.1995692253112793,1.841254711151123,4.327672004699707
1584,3.8735852241516113,4.384438991546631,4.798723220825195
6224,3.155707597732544,3.840862274169922,4.414083480834961
1519,-0.6656268239021301,-0.2683172821998596,4.491844177246094
1674,-0.3577048182487488,-0.505466878414154,4.5867719650268555
5514,-0.3010231852531433,-0.21756166219711304,4.671072959899902
3527,1.4465410709381104,2.0198147296905518,4.3452959060668945
2547,-0.3282274603843689,-0.194502055644989,4.6943359375
4552,1.4342260360717773,1.845870018005371,4.068483829498291
5574,-0.24449032545089722,-0.1276373267173767,4.619751930236816
6924,0.13523632287979126,0.22423893213272095,4.6847662925720215
2615,1.790177345275879,2.4403605461120605,4.3610429763793945
106,0.2263982892036438,0.3159862160682678,4.67142391204834
4557,0.4180300831794739,0.577087938785553,4.435689926147461
9654,0.7165375351905823,0.7770698666572571,4.764082908630371
7359,0.2417643666267395,0.3595004677772522,4.478773593902588
3611,1.356837511062622,1.4695358276367188,4.569443225860596
6873,-0.1518687605857849,-0.29460400342941284,4.324855804443359
8928,0.2703428864479065,0.3516598343849182,4.747433662414551
3257,0.10116368532180786,0.14338475465774536,5.008136749267578
9195,0.1486263871192932,0.25022655725479126,4.712357521057129
434,5.022078037261963,5.701111316680908,4.8950514793396
9863,18.239173889160156,19.88727378845215,4.579689979553223
8279,0.8332262635231018,0.993556797504425,4.7399420738220215
3811,-0.13585609197616577,-0.06059902906417847,4.818080425262451
3582,0.9568033814430237,0.9898799061775208,4.794364929199219
1535,-0.008422791957855225,0.07384234666824341,4.7841081619262695
488,0.5843833088874817,0.7499204277992249,4.456703186035156
520,0.7221328020095825,1.3705618381500244,3.9554076194763184
6912,6.4202494621276855,7.201529026031494,4.738787651062012
9674,-0.9534267783164978,-1.143425703048706,4.947810173034668
1424,0.9874677062034607,1.5456223487854004,4.801483154296875
8935,0.6443334221839905,1.0376381874084473,4.159024715423584
1679,0.42864352464675903,0.5488143563270569,4.500772953033447
2286,0.7943599820137024,0.8075173497200012,4.866456985473633
3657,0.5727480053901672,0.6777446866035461,4.9181365966796875
4012,0.5593474507331848,0.6865301728248596,4.620722770690918
4506,0.3279731869697571,0.3802967667579651,4.926332473754883
409,3.347885847091675,4.155290126800537,4.198795318603516
1824,0.26638203859329224,0.3226032853126526,4.839659690856934
